{"cameraMode":{"drawMode":0,"name":"Shaded","section":"Shading Mode"},"sceneLighting":false,"audioPlay":false,"sceneViewState":{"showFog":true,"showMaterialUpdate":false,"showSkybox":false,"showFlares":true,"showImageEffects":true,"showParticleSystems":true},"in2DMode":false,"pivot":{"x":-3.5762786865234377e-7,"y":0.8383638858795166,"z":-0.10238087177276612},"rotation":{"x":0.0003079197776969522,"y":0.9956276416778565,"z":-0.09347312897443772,"w":0.0032878813799470665},"size":1.3685780763626099,"orthographic":false}