{"cameraMode":{"drawMode":0,"name":"Shaded","section":"Shading Mode"},"sceneLighting":true,"audioPlay":false,"sceneViewState":{"showFog":true,"showMaterialUpdate":false,"showSkybox":false,"showFlares":true,"showImageEffects":true,"showParticleSystems":true},"in2DMode":false,"pivot":{"x":-1.6331181526184083,"y":1.3962862491607667,"z":0.21654777228832246},"rotation":{"x":0.015827130526304246,"y":-0.8918159008026123,"z":-0.031311482191085818,"w":-0.4510996341705322},"size":3.800002098083496,"orthographic":false}