{"cameraMode":{"drawMode":0,"name":"Shaded","section":"Shading Mode"},"sceneLighting":false,"audioPlay":false,"sceneViewState":{"showFog":true,"showMaterialUpdate":false,"showSkybox":false,"showFlares":true,"showImageEffects":true,"showParticleSystems":true},"in2DMode":false,"pivot":{"x":-0.0226898193359375,"y":0.2663799226284027,"z":-0.08455848693847656},"rotation":{"x":0.023960452526807786,"y":-0.7711667418479919,"z":0.02885236032307148,"w":0.6356714367866516},"size":0.4135436415672302,"orthographic":false}