{"cameraMode":{"drawMode":0,"name":"Shaded","section":"Shading Mode"},"sceneLighting":false,"audioPlay":false,"sceneViewState":{"showFog":true,"showMaterialUpdate":false,"showSkybox":false,"showFlares":true,"showImageEffects":true,"showParticleSystems":true},"in2DMode":false,"pivot":{"x":92.4924087524414,"y":5.7699174880981449,"z":149.04708862304688},"rotation":{"x":-0.006836253218352795,"y":0.9895870685577393,"z":-0.13472391664981843,"w":-0.05021413043141365},"size":2.1966495513916017,"orthographic":false}