{"cameraMode":{"drawMode":0,"name":"Shaded","section":"Shading Mode"},"sceneLighting":true,"audioPlay":false,"sceneViewState":{"showFog":true,"showMaterialUpdate":false,"showSkybox":true,"showFlares":true,"showImageEffects":true,"showParticleSystems":true},"in2DMode":false,"pivot":{"x":88.92322540283203,"y":26.001256942749025,"z":46.81563949584961},"rotation":{"x":0.006711513269692659,"y":0.6541027426719666,"z":-0.005946241784840822,"w":-0.7567349672317505},"size":2.230442762374878,"orthographic":false}