{"cameraMode":{"drawMode":0,"name":"Shaded","section":"Shading Mode"},"sceneLighting":true,"audioPlay":false,"sceneViewState":{"showFog":true,"showMaterialUpdate":false,"showSkybox":true,"showFlares":true,"showImageEffects":true,"showParticleSystems":true},"in2DMode":false,"pivot":{"x":-1738.875244140625,"y":-840.34130859375,"z":-593.1116333007813},"rotation":{"x":0.1213749498128891,"y":-0.7983139753341675,"z":0.1703144907951355,"w":0.5654556751251221},"size":1067.8389892578125,"orthographic":false}