{"cameraMode":{"drawMode":0,"name":"Shaded","section":"Shading Mode"},"sceneLighting":false,"audioPlay":false,"sceneViewState":{"showFog":true,"showMaterialUpdate":false,"showSkybox":false,"showFlares":true,"showImageEffects":true,"showParticleSystems":true},"in2DMode":false,"pivot":{"x":-0.04732692241668701,"y":1.4233908653259278,"z":-0.19857531785964967},"rotation":{"x":-0.19823265075683595,"y":0.620448887348175,"z":-0.16612274944782258,"w":-0.7403760552406311},"size":2.484144926071167,"orthographic":false}