{"cameraMode":{"drawMode":0,"name":"Shaded","section":"Shading Mode"},"sceneLighting":false,"audioPlay":false,"sceneViewState":{"showFog":true,"showMaterialUpdate":false,"showSkybox":false,"showFlares":true,"showImageEffects":true,"showParticleSystems":true},"in2DMode":false,"pivot":{"x":-0.004478573799133301,"y":1.4859288930892945,"z":-0.22334519028663636},"rotation":{"x":-0.19823265075683595,"y":0.620448887348175,"z":-0.16612274944782258,"w":-0.7403760552406311},"size":1.565569281578064,"orthographic":false}