{"cameraMode":{"drawMode":0,"name":"Shaded","section":"Shading Mode"},"sceneLighting":false,"audioPlay":false,"sceneViewState":{"showFog":true,"showMaterialUpdate":false,"showSkybox":false,"showFlares":true,"showImageEffects":true,"showParticleSystems":true},"in2DMode":false,"pivot":{"x":-0.8302821516990662,"y":0.06857642531394959,"z":0.019152462482452394},"rotation":{"x":-0.19823265075683595,"y":0.620448887348175,"z":-0.16612274944782258,"w":-0.7403760552406311},"size":0.8946707844734192,"orthographic":false}