{"cameraMode":{"drawMode":0,"name":"Shaded","section":"Shading Mode"},"sceneLighting":false,"audioPlay":false,"sceneViewState":{"showFog":true,"showMaterialUpdate":false,"showSkybox":false,"showFlares":true,"showImageEffects":true,"showParticleSystems":true},"in2DMode":false,"pivot":{"x":35.30329895019531,"y":3.5251893997192385,"z":59.17448043823242},"rotation":{"x":0.11192727833986283,"y":-0.8243191242218018,"z":0.17486262321472169,"w":0.5269274115562439},"size":9.471297264099121,"orthographic":false}