{"cameraMode":{"drawMode":0,"name":"Shaded","section":"Shading Mode"},"sceneLighting":false,"audioPlay":false,"sceneViewState":{"showFog":true,"showMaterialUpdate":false,"showSkybox":false,"showFlares":true,"showImageEffects":true,"showParticleSystems":true},"in2DMode":false,"pivot":{"x":-0.0026062726974487306,"y":-0.00294417142868042,"z":0.0008820295333862305},"rotation":{"x":-0.19823265075683595,"y":0.620448887348175,"z":-0.16612274944782258,"w":-0.7403760552406311},"size":0.849720299243927,"orthographic":false}