{"cameraMode":{"drawMode":0,"name":"Shaded","section":"Shading Mode"},"sceneLighting":true,"audioPlay":false,"sceneViewState":{"showFog":true,"showMaterialUpdate":false,"showSkybox":true,"showFlares":true,"showImageEffects":true,"showParticleSystems":true},"in2DMode":false,"pivot":{"x":-139.40765380859376,"y":-104.83551025390625,"z":-220.15138244628907},"rotation":{"x":-0.06438358128070831,"y":0.9266821146011353,"z":-0.18650640547275544,"w":-0.31989744305610659},"size":129.31507873535157,"orthographic":false}