{"cameraMode":{"drawMode":0,"name":"Shaded","section":"Shading Mode"},"sceneLighting":false,"audioPlay":false,"sceneViewState":{"showFog":true,"showMaterialUpdate":false,"showSkybox":false,"showFlares":true,"showImageEffects":true,"showParticleSystems":true},"in2DMode":false,"pivot":{"x":-9.999998092651368,"y":7.630596160888672,"z":-2.726468563079834},"rotation":{"x":0.0008025543647818267,"y":0.9901101589202881,"z":-0.14024430513381959,"w":0.005644019693136215},"size":14.486614227294922,"orthographic":false}