{"cameraMode":{"drawMode":0,"name":"Shaded","section":"Shading Mode"},"sceneLighting":false,"audioPlay":false,"sceneViewState":{"showFog":true,"showMaterialUpdate":false,"showSkybox":false,"showFlares":true,"showImageEffects":true,"showParticleSystems":true},"in2DMode":false,"pivot":{"x":42.79999923706055,"y":6.509992599487305,"z":63.295955657958987},"rotation":{"x":0.2526842951774597,"y":-0.2850734293460846,"z":0.07804196327924729,"w":0.9214391708374023},"size":1.8597774505615235,"orthographic":false}