{"cameraMode":{"drawMode":0,"name":"Shaded","section":"Shading Mode"},"sceneLighting":false,"audioPlay":false,"sceneViewState":{"showFog":true,"showMaterialUpdate":false,"showSkybox":false,"showFlares":true,"showImageEffects":true,"showParticleSystems":true},"in2DMode":false,"pivot":{"x":-0.3174861669540405,"y":1.3502603769302369,"z":0.06003326177597046},"rotation":{"x":-0.16712547838687898,"y":0.780947208404541,"z":-0.23569247126579286,"w":-0.5537599325180054},"size":1.9332399368286133,"orthographic":false}