{"cameraMode":{"drawMode":0,"name":"Shaded","section":"Shading Mode"},"sceneLighting":false,"audioPlay":false,"sceneViewState":{"showFog":true,"showMaterialUpdate":false,"showSkybox":false,"showFlares":true,"showImageEffects":true,"showParticleSystems":true},"in2DMode":false,"pivot":{"x":1.9301995038986207,"y":-4.765933036804199,"z":-8.124720573425293},"rotation":{"x":0.10731509327888489,"y":-0.8918213248252869,"z":0.28893089294433596,"w":0.3312162160873413},"size":5.687559127807617,"orthographic":false}