{"cameraMode":{"drawMode":0,"name":"Shaded","section":"Shading Mode"},"sceneLighting":true,"audioPlay":false,"sceneViewState":{"showFog":true,"showMaterialUpdate":false,"showSkybox":true,"showFlares":true,"showImageEffects":true,"showParticleSystems":true},"in2DMode":false,"pivot":{"x":4.564176559448242,"y":1.654980182647705,"z":153.14349365234376},"rotation":{"x":0.13779261708259583,"y":-0.5959864258766174,"z":0.1064336746931076,"w":0.7845503687858582},"size":12.681475639343262,"orthographic":false}