{"cameraMode":{"drawMode":0,"name":"Shaded","section":"Shading Mode"},"sceneLighting":true,"audioPlay":false,"sceneViewState":{"showFog":true,"showMaterialUpdate":false,"showSkybox":true,"showFlares":true,"showImageEffects":true,"showParticleSystems":true},"in2DMode":false,"pivot":{"x":38.6236572265625,"y":-5.90958309173584,"z":141.8524932861328},"rotation":{"x":0.15278224647045136,"y":0.13356541097164155,"z":-0.020939236506819726,"w":0.9790902733802795},"size":49.455352783203128,"orthographic":false}