{"cameraMode":{"drawMode":0,"name":"Shaded","section":"Shading Mode"},"sceneLighting":true,"audioPlay":false,"sceneViewState":{"showFog":true,"showMaterialUpdate":false,"showSkybox":false,"showFlares":true,"showImageEffects":true,"showParticleSystems":true},"in2DMode":false,"pivot":{"x":-5.205070972442627,"y":3.3914425373077394,"z":4.773182392120361},"rotation":{"x":-0.0009566722437739372,"y":-0.9983276724815369,"z":0.01948685571551323,"w":-0.05608046054840088},"size":4.0457539558410648,"orthographic":false}